dhdgo12,3737688
mjyx5221,2959586
wty1541,5100456
cwo491,1709921
rladiddla123,5558946
koh3343,5823243
joung2102,6077591
guddnr7996,6019263
boorar55,6091188
pjb0611,1920756
ehdud4747,5837517
sko0202,5158130
qudwns123456,365669
mydudrhks,5897229
guswjdpo,5938486
rmsdyddj,1845861
andnahs12,5618031
¸ÁÅÂÇÒ¸Á±¸,638653
kikis0828,3552153
whdrmsrkdus2,3017896
wkdehgur13,5601635
dnflwjstk,1479575
wkddo0601,6059507
yjgusl,4367005
meegy520,1721971
420815,6045094
pmh8078,4105555
zxgh12,4898175
thqls27,1874455
du4626,4196187
ghehddl106,3802239
cndghks0819,4716534
WhitePlus,5787377
wwow001,4402726
tmdwo5035,5158439
speedramma,1649973
jsk7897,2212801
jeff5465,4410214
tjqalswjd,4460695
y2s0516,6099090
skyung0392,4869438
lksd782,4142214
dhdh5497,5684170
sm1924,3716871
dudtmdsladk,5712773
jeain1969,2581250
kim8424,5972571
wo7305,5427016
k7832606,2703779
joonad71,4985692
dudlsdnr17,3894766
1216710,4287662
ybj70kk,4715491
spdlqj12300,4993028
ckdwls0503,5707025
pp6957,899594
tndnjstleovy,943980
sldieh14,3995483
wlwhs1158,4016852
krc369369,2822862
rmfnwldk,314765
dahalsu710,2663794
fkcldh,689936
wngotjd77,5484315
qasd153,2770670
qaz8373,4133554
audgns7662,6119196
pullheart799,5507170
ghwls576,4873936
a0723,348014
hylll,3257011
kyutae147,1880480
dcdc114,1244681
ko7623,5542666
sa_zxc,5402984
PRIDE5504,6011868
rhkd122gns,5490372
ghkd0136,5943700
okki40,4810353
BumaNo2,1729652
rladydrkf2,3715192
marrye,2608576
sksslswk123,3411433
lid7772,4851279
jbw0113,5195323
kimsukjoong1,4678648
ywo1225,5513352
rlarkd6542,5003763
tlqdh15,3506636
____SaRang,1740923
79421000nu,1415665
tjdrjs1540,2980619
sik0920kr,6116806
Tyd147,4255931
swnoh91,3382737
spine0220,4351720
dbstkatlrqkq,2685293
019hsy,1468143
ferll12,3938345
dong9901,5700423
sawrain,5585700
gusdn8548,1369821
gnseh1551,5937993
dmkimkr,1707074
Meteis77,5420589
sjsh4444,2911740
rmstjr0119,4766613
rhkdgns124,3570814
tlxmqhdl20,5192449
bsch0906,2742583
jj97211,6035586
rlatngml85,4197889
qnrmafl,1582123
Tpdldkenl,910399
eoaudrnehd,6120243
rlaalstjd674,5199669
319511,4315343
dksk2646,6068826
hsm526,1516289
kys2039,5102337
st00267,295797
rudtjq454,3843635
zxzx134679,1376809
undersea3,2279785
park6778,4055199
gopsb2,991085
rkdeoguq429,4913651
kyh3845,2959195
fkwltyddlek,6043506
wlwhsxowk,5090921
wjstkwhgdk11,4221487
hfhsef12,882569
sjk710,6129744
babo9161,5554568
mieuni0128,3094156
qnfdmlrjaeh,5041192
gmmastar,4122735
sjh2789,6022723
wonilmo,2381781
searchkim,4412254
rhak1v,6044835
katna23,316571
gooding90,2973435
wlsdmsdyd123,5304746
gtd7995,5091941
qoxmf6460,422886
narae222,3283285
kjygo07,2572451
kkh2533,1725738
rdsflsk,5983058
rcm0208,6114341
MSN1353,1154401
ng888999,3300529
rladmsrl99,6116556
kkk2423,5044893
dhdkfma,2306262
tmdghks0258,5969570
ha2670,5018162
kjb9365,5682132
thghd387,6037415
zx236,5962418
6789j,2891493
leonidas2,4789654
yoyo5944,6091754
skyyra12,5045788
ookje0512,2438076
ldsstar7,195153
jjh1452,6126325
7639508,2962596
kcd5059,6041900
gmlska4693,2563661
k44ksu,5953235
rlaghldbs,1706681
kig1213,2479056
gun4433,4934323
p9466,5489381
dps0202,4535965
zaq1q1212,1697235
rlatlEhd123,3460126
wlstnaos1,1023007
leej8960,4870174
sinwoo2222,3358171
norvous77,5888625
wjstjddud,4464530
sol304,1115018
g1407,296992
sk11187,5565421
bukboy,2249090
tpdls1017,6074824
a7a700,3719504
ehdwns5102,5154761
01046347248,4429484
dbsgurrlWkd,3819428
qkrthfqltkfk,6088962
whaqlqkffhr2,5410470
yuri0481,3403845
pos1pos,2658430
chinbuman,2455699
didrha15,5002177
marine@an,691529
tmdrbs7410,4317817
aha240,5108049
alswnr12,5620194
k2293,1238479
hoho5969,1981656
vkdlxld7793,3338869
sasilia518,5478533
danmugi4,3273766
lll0365,5027436
ryoma0618,5469175
mhs0505,4939289
km0801,3459665
joa1030,3484015
jk01590,5790103
kts19720,4950142
qnah1000,2120681
icepuppet,5143229
12051206,5775420
gusghekd2027,5390282
mmmm3720,3658152
woiy1111,5984978
mhee0525,6116574
kkjs4862,3954648
°í½ºÅéÄ¸,900426
qocjfgml123,1480536
ghdgPtnr,6010416
eocksrns,193317
tjsdnr29,6109806
ljw3931,4881102
2645pmg,3175862
sopp180,6145927
arirang7813,2287796
rkim2,6004589
Qpte1,5848138
HANQQ1,5817075
yps0303,2031376
leefaja,3155449
rmdls321,5474614
mybos,2863701
wotjd7164,434441
shfwk20,6106344
wwwpooh119,902373
wlstjdgns94,6066643
xhslgojtl,210938
sky1477y,5944418
dlsrksdbfl,2169304
wotjrcjs,4153167
rkdtlsqja356,4087010
CJDEHDRL120,735010
k26035,1759659
ktw5503,5314331
kimops124,3894841
dkskrtnekans,4958382
tnghdywjd9,3122761
ab4623,4471623
zzangii12,6059757
rjawjdrjatk,4505949
pearl819,5175678
lbaedl,4884128
dnsehdwjd,5609493
ysr03194,4875254
adgjlgks,5569990
chyuan97,6085470
dlwhdghdlek,3428790
asasw,3755847
slecuco,1887157
wjdghks5789,4596908
wnsdj,4103349
kkkvskkk,1574987
wnstlr3697,5072528
sunthdxogh,3760691
skop24,3605635
jen2217,3720547
wkdtjsrlf2,5945327
DMZ6511,2448656
62353404,4795718
my0803,5611172
gjwnsals,2101602
yob200,6130846
cyh1200,2992871
È¿Á¾ÀÌ´Ù,230351
parechae,1851234
okho1541,5123216
ww3737,4601397
dbswp123,2757511
shtmddn1434,2737078
alstkswns87,4529667
p890808,2128203
jskim1580,3402793
rlatmdrms35,6139277
force929,1289135
kty3380,3809866
gksdnflakxm,3803218
terry9511,5721413
jungdy2,3811806
5747588,1516966
hyc7575,3761111
sk1103wn,5576878
dugae3,1635435
youngdosa,3427688
wnrdmawldhr,3340255
_SilverThyme,3553441
tjwjdrjf951,1925329
PA0303,3023112
¡Ú^±î²Ç^¡Ú,379775
khe999,2031471
zkxm12345,3623381
kws0000,822048
tmdxo9573,250732
whwodlr4600,5840466
maillionuse,4591567
wnstn149,3675191
alswo3437,5711312
qnxodid123,2594622
gpfls227,2544143
ehdfkd,2070400
magicctp12,4919367
tigerzza,376065
spt4337,5560614
rlatnwls0694,4873214
kokh0626,5971867
new5663,5316816
sk20849,4687606
crimson104,604234
rhm8990,4623441
wndks2680,5085078
todogo123,1675009
dydtjd021,4370195
kgs03281,3859747
life97,6109352
kongi0204,1672762
dlgksk22,5673594
dlwnsdn333,2131284
tnqkrdj,4871262
wpghk98,2301418
fruit456,1348270
Wkddlwyz,1786404
zxvzzxx,5931957
yclgg,2665180
kg4278,2966697
Â¯zzang88,1327416
cocolin,5507763
wnalstjd123,6033019
qprwpchemd,5776022
subn123,1647267
dnr5747,3481016
ill1515,5971133
ID_Kag,4690248
nkmin331,1616810
tbxod01,5538363
ssibera,1246085
shstar94,5944118
kx5318,3544708
wlsrhksdlek,2290295
gmlwls135,1775844
chul7823,1627670
jccz98,5602616
h4336,942944
mckoo,1867112
wnsxod90,30551
tnr4124,622784
killer_good3,5723003
wjddlstn18,5133455
cch8018,1005882
kjh7165,6105635
dnlwptdlstjd,3928617
dlauddhr1970,4921139
cksgud78,5886001
kangseonggoo,3549036
dbsdud0808,3924973
tka5708,2040961
Â¯6242,452123
kjt5818,5270229
1346295,5883252
¹Ì·ç1128,2201985
nmgh0017,6082821
zrlatkdwlsz,25037
kjs4845,5348552
audtjrwkd12,2691177
kiki981010,2765399
khc2120,273592
wogus3230,1122145
purr7770,5829136
sgssgs1,3874253
skatns1493,1635342
gksmfEkd67,3181030
esseum,2012976
sdwjj123,904865
motherjang,3634104
dydqja5707,5837067
wjdwn5667,3140916
freeshool,4650831
ASRO,4895921
dongjuuk,2092794
kin1g,3870686
kimdj1014,3762681
mw231011,5027908
cywory,4105571
ki3190,2490820
gusdnr9888,6081492
kgjthr,459154
tae50,4770191
whd00000123,5032770
dbfpzk120,5441204
king1226311,5923135
ykyoon9000,3516073
nkjin7,5697865
dkdl5614,3114753
dntjrsla1145,5572923
dmsdbf12,5772898
sudn444,5419512
khc90200,3581976
birth0209,4819393
CSC6762,5587926
cvb3000,5591986
minn3462,2297742
rudtjs9317,5353530
sunn0409,1985609
wlsdn1432,2667681
sj3148,102760
candy4442,5623579
sinjaeha1,5868060
tkdqn1718,2916697
bisu1973,5542802
bbc1234,354489
xnd7887,5305068
stan0241,6046968
ehdqls5436,3092173
dkehdlr21,5878322
uimosim,2021988
rkddlswp123,5135855
wwe9023,4422550
felung3,2277020
dnwlsvkdnjf,5763208
lmd1633,1933729
jjaa23631,4738318
yeolee02,6048389
styx6688,3753617
guswhrjek,6123864
fkffkfk23,5640775
dlrhkdal123,5802667
ilssimi,5390556
LH_nrz6_kiss,1200488
pcy5599,3960135
kon6453,5574558
llTooSwordll,3835377
qdw33,813812
qnftkwh28,4392369
Å¬·¡ÀÌÆ°,6120570
crizycrizy,486800
ogurdlo,935547
duddls9320,3045964
ths87211,5076158
jjh699,4888764
±×¸®½º2002,5228845
oh4453,1488761
yeo7550,3095798
rjswm3502,1166796
psw9187,951823
rnfj111,4996626
qkqh78945612,2691124
yayajang2003,5050036
jojongwoo,4096024
dbwjdtnr574,5943488
rnldudnssnsk,5556525
dbqls4972,4546108
alsdn9985,5981876
nbinb1789,5899701
rotjs123,5636679
hc5555,3653044
cool1440,5708875
rla486dydgks,5264760
apdlzmf,2264121
dnazuwnlrl,4646834
ly1234,5399293
ghksqls0824,4797043
tk5016,6063714
qnstjs8989,4859699
jw6176,4790861
dofflxm1,1758182
rnjsalfm11,6073209
ehrns4045,6059705
goodi1120,794458
qwe1112,3616658
hyoun4223,5923230
dkalskzkfmak,2308692
ch04bn,2624589
hjhlovejky,6121124
gusdn2023,5629191
whtndn0629,6088650
skbsbs12,1445357
lockou1001,5577885
rktlap1385,2113441
asdf8qwe,3621608
tkdtlr55,2414783
asd1693,1666065
tbtb0307,2159668
leeseungbae1,5694084
hl3291,1452614
als1158,5209874
joonxoddl,6041219
jungscsc,3010348
whtjdgns0355,5589866
lklk1258,5995126
oks122,3347721
dgr617,2955900
skim6325,4564505
gusol007,4225243
qrhdbsgk,5433187
saybeone,3329004
tbfprgkdlaj,5505854
jaulim9697,3158254
Sad210,4779013
coffee4250,1227059
Suden0301,5605912
tpdud1200,2247692
glglwhdwls,2494533
fktmxm123456,4728172
teacher89431,5580090
kimlo8936,449363
rlaekfdhr77,5599258
okbiz8433,2296992
10cjis,3732978
gcs0113,4260806
tmdals4500,5583749
ChoCoBig,2425313
¸·¸Ó°Å¿ä,254729
ansdudtnr201,4936926
rlaeoals35,4421266
elql41,5465912
rkddbsghk,2915386
tgb9717,901437
py2020py,5953863
ccs4541,3391492
cho65799,4320188
im0430,4311130
11dnjftod,296111
rkadnqks,5442411
godud92,4019913
tjsaud2325,3142427
lkj710,3735502
dlsxowlwhs12,5768707
jongik61,2632678
eunjo77,5627184
hyun8447,5263355
thstnrdud,1228563
kimoor,5741450
ai177,3310071
rlarhkdtlr99,776042
ehehd1660,5039143
ijkoko,1851973
tmxk1920,1469945
kim96900,5705518
nam9844,5944020
mrlove8696,2270552
wnsqja8754,5745007
KaiserOTZ,3993459
jinkug7,4341880
gngng1122,1544984
sss9775,5784903
jh2114475,5454847
koi7708,6018256
irisid,4188093
gkxogh789,5502393
ghkdgusdnr1,4709770
jj7934,858519
alzlakdntm95,2291242
qkrwjdgh1113,6141695
wawatin,5248096
ohe0309,2868795
worbdl01,3306491
dkdl2642,5966801
ehdehdalsdl0,5680882
paksangwhee,2740225
lkdjs1,1770317
ins56966,4773965
ujm123456789,5848609
rkd6810201,5298687
alfk0220,4656811
ditgn123,5837645
jason1233,5908540
ymo6,4002332
kpotris1,5843413
dlxoghk0123,1593550
dudwls2k,1205316
°ñ¸ñ´ëÀå6311,2665768
wjdtn8452,3129709
star7607,3893886
atnuim123,5671643
jaewoo966,6106367
700Á¶¼ºÈÆ,1567977
Bilhermina,5275006
ghkdwp50,4835415
tjdghks75,4216369
8416031,2349001
dongik9467,4930276
zzzz2602,3234026
wnsdk40,3906940
NY7923,5086989
dlcnddlf29,5421707
ksho802,2633600
rjsgh0021,5877671
concir6,5143861
tnals1341,345628
cleo225,2951336
dlqudtn45,5458441
±â·Î¸ó,2606492
wiselim2002,653022
hira2625,5026190
gusrb1256,1694826
rhkdb11,5299222
dudrnsp1,429576
ko7001,2063352
tjddlf546,5982528
sc925,6102455
fnehftks,1482160
7713zx,6124032
dmsal760928,2414533
injesusx,4468679
jinsoo1545,6070569
mymy031,4827260
jylee61,1470578
chiho2112,4200275
dudwn0118,2439535
wlwhsqjwm,4466306
jee9877,5580140
rlarlgus65,1247718
thopqr75,2297028
dydgo159,4936959
kimgt135,5110319
hotyjh2369,1519831
jdy0088,4058836
dj960927,4438025
toalqndls,3619801
dydrltjsgh,5766048
_chery_,3041917
7816612,2272678
kse456,5144996
don1517,5936084
rktlap777,5560973
rlawjdgjs2,1446177
Rodoco,5652707
go6161,3633039
kor15072,1285389
wow5288,2807175
hys1052,3863237
chsaho11,2471488
ccs2205,5268602
jdm1221,5612930
wzas019,5540766
drs05086,5551979
wnswlstkfkd,3344947
dlfjswjfjszn,3170118
mkyu3455,4800018
´øÈú»ç¶û2,2511413
duwkrkWkd,1343830
tjdgP2452,6021500
6455051,3915009
msh0615,5384520
kimth96a,5509563
terk01,894599
SSCP9779,4878984
rhtkddbs,5491130
rkdals120,4313501
dlrlwns325,5570613
pjs0891,6103225
rkvo31,1155850
asdfghk,2657129
ajungle1214,4831221
pkybobo41,2439097
guddbs1119,5770747
ncd1314,4245501
6911007,2866437
badlucko,924750
dltnstls25,2508541
wnsgh888,3570115
dolmenga,6095052
ym20,4677835
lms3570,1128405
¢â¡£¢ª,58659
hyungyunkim,1189640
tkdwnsskss,5795965
roEhddl51,3258177
pso7723,6131720
slalwhehwmf,1897299
ym1637,5622541
ljh2261902,33356
bgsj2578,5719438
aosnldk,53161
10xps,1384410
khc5091,5935231
wjdxo3917,5819060
dnsrp6,6045632
AA??AA,2732970
rkdcjfdbghr,3282010
okr13,4994318
qxs989,5132246
godsn10,3761556
gusdntkqn,2983223
HYH5200,1474120
goxocjswo,2318637
gksdml9878,5987438
ddjfms,4426613
SHGSUGHCJS,552410
cyberbos,2077107
fldhs654,601447
chlwognssla1,4812136
dkansk1313,1063979
fksfksfn7,6041138
rkdansrb43,5466781
difxkfl,532425
01094933126,5497863
optima3845,3749339
oem6049,5648091
yud984169,2323849
9311rjs,5199814
springofrain,4252520
jeen09,6054909
dump6884,2828183
cys3165,3471128
gksckdwls,465208
orange1522,5038722
choi920506,5598006
kkh9622,6113500
qhtjd5101,4835932
shinsh61,4320069
dlrkdgnl60,5906435
yeep1548,5691913
woduddkQk,3377973
okok1548,391119
tmdgns282706,3799011
zmsquf123,4507869
jjk3693,1963261
han9594,4965608
tkzh8,5320263
itsyiiow,5646905
vkdlxj10701,5197041
hsh0103,3886834
zeus6025,3535856
bsaudwn,2687929
dlrkdgus789,2499414
alswp53,3143628
rfyhy,4914799
xmrrhdeo1234,5176299
dhkdndhksfy,3565704
digvldoemk,6117547
tldnjsgksskf,2894364
skfnxh012,4949995
zeusdang,3860527
dyddlek786,4335479
HzBuB_GuM,401767
dhflrlwka,2248161
01033077366,4275614
kyujinlove89,2899526
inkoo9393,5914324
hsw7678,385870
gudwlsqkqdm,4702820
yeonsilYun,2926985
kfccp,5485346
novice9,1796388
tkwk1307,128047
kms6824,2636439
dmswud917,6028202
SWB1320,5754735
¿ì¸®°¡Á·ÀºÂ¯,1545084
q4009,1235752
lcs080808,4340996
chlrruddhr,2630423
alstmd2200,5559567
Raing54,4093364
rlwhdsla,847003
kosh415,1798377
pinklife11,3360456
ghksldjflsdl,92500
k1585,4480276
hamin1289,4619391
rjsdl96,4622080
tmdgus2680,4611871
wifeofyunsuk,5581227
vusxogh,5775961
gusdn4614,3314866
com1066,5224782
ÀÎÃµ´ø³»°Å,575607
tkdsabum1,4964722
vsdudtn123,5562926
OnIyLoveYou,5958977
myrlarbgkr12,4747442
tmdcjf2190,1706610
wl325,6060958
qkrckstnv,3147458
rlacksal04,5945275
quaft1020,4206408
tnsdufghkxld,5832984
gkssus6264,940592
jj0220,2067964
red3519,4035004
159zxcv,1671211
jeongsu95,3997386
gurwnswkd,3915880
aij3004,3815505
tnsrb2121,1826537
kkhkkm2208,331606
740125690821,1995399
dudrhkd135,5505202
dudwls9958,5981408
sakill751113,1868035
gnsworkd8029,6114506
DKRAKVOAWLST,3525909
kakalot93,5761120
hjmhm,542501
hajun4290,1794815
zldxodio,3007859
mama9104,3264478
gjxowns231,5743372
3oboook3,4669276
r3sward,3726442
kth5112,931065
rnjswlgo123,5771717
f5658,2093635
engus0728,2594842
rbduf890,5887031
jini0307,5624630
wjddydalssla,5134303
dpswpf7568,5340667
jme119,5893934
qkrcns62,880509
dear347,4961495
¿¹»Û»Ç³¢¸®,5397774
chrmqwk5,2420613
rhdxotkswka,5870451
753653,5767837
air5133,5595532
wndhks7309,5877705
choms1022a,5997485
khw6622,5995196
jb63,6071485
kkk5209,1578639
tkdals1972,4959940
wls4439,5120866
¿ë¼®¿ëÈÆÃµÀç,4047957
qnwk050,5687787
dksdb1128,2985813
jsjs1209,4063383
wlgur94,4677199
hanyoojiho,5051887
kkjin0315,3368075
wjstk12,2886753
alstjrrkfaor,4538297
tjrkdtn1231,5982457
tjemsaktmxj1,6028070
ak1637616,5755928
szOlT,2125537
kia6311,5290466
nisk1425,4170398
rfgh14,5779392
god54544,2642987
ssy5410,1915620
c8538,4463777
oth1224,1458182
akrso0222,773749
kun8128,2200207
kkk028,6008870
srjsvk,5062290
tjrdl56,3627785
tpa0127,3851367
zkemdnld,1286830
tjalstlr6,5860755
¹«´Ù½Ã¸¶,6129793
mdemde05182,5448768
dlrbehd1200,6130702
hic1129,1819213
gusdnr5931,4612953
khm8853,5629966
dmdcks497,5735845
tpdusdl1018,6067364
rjswmwkd0202,3249851
jmw07045,2931988
kycvv,5139159
allbemi77,4991482
kgh5173,3536351
rhgkr123,1958936
ÀÚ±¼¾Ï,4250602
wjs6450,5867555
skwkdgnsdl,5143080
¹Úµ¿ÈÖÂ¯,278600
sz816kiss,5139270
nakimhm,2612553
xodlfdl235,2274059
kanggae77,6140482
pig6464,4470706
sndl42,2221917
hahafnd,5480186
gkdl9624,5313455
ninja8594,2694511
gksrmfeodhkd,2967175
ehdqnwnd,6106915
kong0480,4650312
tnsk19,3088334
slqkfqkekr,985409
altltlvlrkd,2838146
goddns5262,5102459
dkskwhsskaud,3846108
yssk321,2880687
fish0204,5304390
hotjyh,1639519
ch9lll,3039814
qew13,4760666
»ïµÎ¸®º¸¾È°ü,1107786
qorrk22,3541426
9558563,2318122
angel2331115,1321472
dmswldlqnsl,3551645
jnj1236,2695106
amel4137,4248471
qkrwnsud,3628653
jyg1228,1045684
rjsghrjsh123,5230284
whan1495,5913108
eeee5757,4126385
dlehdtn102,5344707
dlrkdgns1234,220724
wptjd1111,3445660
xogus5006,3097367
wlghks5211,2050163
tks9166,2204460
com3260,2205964
fkrhs666,5515820
dnfwldls,4103230
ssef8815,2464290
thsdhrhd6382,1311087
rlqja2938,6061080
babi872,3489105
tpdbs2611,5945762
332ssj,4781897
abc5942,5298849
qkrdudgh413,3735908
psyo100,3195635
uz2005,1813388
unsucces,4125785
ÇãÁ¢¸®½º,1386993
hsg5656,5694374
qkrxotjq123,2206698
qkdxorbs123,969785
Cruelizen,3877103
2614044,3218356
dsa6521,5071970
tjems3164,4168408
tlgja11,2504214
ssussubu,4800885
rmfpdlahs77,5945594
banjiman,3698813
hyujunge,1847516
kjc4757,3056221
whddnjs8,5416469
rina2000v,1470116
nb2130,3342335
j3102,1489409
elwlffosem96,5184408
shimge,5920796
alstn4595,5754956
jun981212,6014177
ABM225,2963708
tnwodididi,4581015
wnsqja75,5981780
workbook11,4831594
wogus12313,1750600
9531620,5227303
wowcastmini,3783404
kimbongso,4439659
eodbs011599,1503229
wotjr1000,4566891
GKSTMDRB,794905
raseti,5965666
dkfld369,4085432
ghwls8955,3278034
d9138,2818392
dhfl9,3055174
wjdtkdeh12,5122926
antlacjs1,4468582
pkh1820,3225301
fdsa8414,4788006
dokkbul,5578447
pocket1130,2752310
¶ó²ôº£¸£01,3168152
qhswlsrn1,6070288
ssh70,3809599
ohhun923,2720222
ÅÂÁ¶¿Õ°Ç73,442557
zkfkcjstk,4371841
ha8298,3754481
hky7709,5810015
aneofl12,5885316
uju591,6019391
dosa878999,6081427
hhh7418,1397357
yka0512,1227802
rhdgusqls123,5882797
4177326,2454051
rkdwltn334,3626815
rnltnr5844,5815279
alsdnx132w13,5829437
hado412,1822848
chulsoo7,3094566
thetldbs,2928435
alscksslacjs,1740297
ppp12088,5812132
cktnsrhkd25,5768074
gkdldlakxm,1888635
jwtoto,5167482
guseorka87,4046340
ahfl077,5402667
jsjjang0907,4711555
dongandlove,4268434
dnqls50,4048255
silysile123,5943826
qazplm001,5949549
audgns117,2257640
8648dl,4918957
asdfgzxnm,689817
rnjsgusgh777,4650364
·æÀÌÀü»ç,3347844
¼º¼þss,2368274
2661JMCHOI,6144492
¿¤ÇÁboy,1877473
ckdtjr0309,1156620
jal7171,2977564
nogarius,3986478
tkfkdgo2996,5378626
cdw9868,5975628
0801min,5379946
tjsdnr14,2208263
wlstjs3130,4962970
zzz0201,3871437
hh1342,3227378
sskim1,898105
dodbrod,5009889
eskim225,4921615
pmy621,2895193
kimtaeng108,3595972
mj7735051,6146010
ggg80,4606592
qlal,259178
jesus3679,4833205
wjdtjq3271,2952494
rladhr7778,5939821
jcb4123,2628415
wnsfkr65,5757850
skk0813,5958155
thgus4126611,5894715
jaemin1029,4423601
HellSatan1,4630808
6fdgd,2315
jang4987,4005539
gmltjf019,3662263
jikew1313,3615801
dkalrh28,5770941
kjuyusemar,5542842
heegoy,1561832
nTzTn2,4716060
god3025s,6080273
rlxor465,3105871
lhg1990,1890098
6795976,1716145
eormswkd12,720628
jjs8289,2483190
tjdalsrhkdtl,4387794
kimhowon123,2874762
down4free,5887472
qmffor773,3941188
kang1488,3385557
cktnfdl,2968872
zlzl117,5525987
01077513234,6138022
tkddncjstk,1290849
_seungkyu,5788405
pscbss,5292749
thk338,5935918
bhs9873,5325230
wodusrns1234,1755085
wnsla0219,4398015
jyk029,2522423
ksjk82,418248
rver123,5722352
junyoung1024,2759341
gkawns111,1747549
wjddus0708,5802522
gkausrhf1,5726971
ghktns0195,2472519
apdlwl50,5154312
tjwlgur,3575786
chunsam9280,1338054
ses2590,6081954
mj7734229,5244283
ghdcjf960,4830079
tmdwls54,777718
krmseong,1199974
Drak_Tudo,402547
rhkddyd8626,4962202
jgta,3397203
seunghee206,5705897
ehdqkd5030,4316530
wlalstnsdud,4401589
tkdeh51,5815029
moonk85,3181454
kjmj32,4120085
bcbc39,4736398
85828554,1027159
ehdfbf19,3844815
rth33,5952491
dydghks6730,5288378
zhowjr3,5232283
ckd7942,4567988
condolla7,279936
leelee003,5711963
mun4710,5083025
ttagi1949,3135753
snign,4881605
smj1862,2169916
rladmstjd96,1435786
djaakrhtn,3361975
rkdeoguq0429,3419717
tmddyd131,5562344
ilkjh93,1544909
tpghks147,5058582
gksruf6904,5905554
gjxorb914,5214624
tjdgns5725,3542512
lbhab123,2713220
ss0307,6089390
rlghznzl3,6122916
rpshwkd,2302553
cqd01,5961874
hyyhyy5,5896530
36428818,1566085
chao12,6121744
bbqq23,3240409
MK3111,4726879
EeEeDdDd,1294877
dlselzjt10,5425413
tkrlalsgh123,5653921
thddnjsrbs,6138183
dkaskekd,781751
kso011264595,4851891
hyun5393,2626893
along,1721152
ds93630,2216060
HBK2772,4617933
¡Ù°í¼öÀÓ´Ù¡Ú,2421645
SungHyeJoo,2914833
qortjrgus123,5976273
dke4548,858929
na11344,4513706
cho0281000,4178552
dorldhfl,6057479
ahwkdlsep,2048818
sj200179,2044011
gksdyd275,5398807
yunghun99,1243594
qnls4250,5953409
tkdrl93,3912401
wkawnl1237,5192041
vgbvgb67,5482453
ymj3061,4201384
el7878,6017042
ajh3197,4505300
kim2000ys,4008297
lsg02391209,4573588
ez951,4579627
dsaww228,2813130
ss0829ssa,3503354
elmare221,6078969
kmk7708,5313891
sbzmqk963,1375881
kimngin,4709994
parkfia,5715673
wkdrlfyd,4014
alclswpswkd,4221572
X_ALASIN_X,1461908
ehrpql71,5461125
yun9510,1563713
12l12l,3519907
nrg725,5194218
cksgml7715,1746420
kkk1174,5978543
tjdals7318,6009656
sspmb963,6058236
abc3716,6125131
sun666kr619,2682970
tlarbals2003,2630912
clsrn5118,5758375
xa123123,4420209
gyeh23,4678415
wnsldjqkffh3,5491334
bbung1320,5258991
jskim04190,6029969
tpgh1425,1202982
eogh1214,5033762
kth2859,1797117
gksksla94,6103360
wlgns6947,4809682
lycpooh19,1007773
elevenhot,4654190
kkoo2424,4645632
hyunsoo4568,6017619
rlarkddnr258,5117035
rhkdgns70,5188479
inhoy1463,4775390
Tjemsrntwkq,5900640
tjdejr0976,2330322
shy3295,163298
00zxsw,4614039
rlarhkdtjr3,3967892
jklee101kr,5588332
ak165,5442007
sa75963,5365765
tjdqls0886,6076256
njune91,1118925
rkdqhd75,5760940
lQZl,2932286
asdfasdf4289,5941400
zzrjsaos,2900670
rhkdgy1,773520
cksfkr,4689529
hdkwon0120,2741741
kkdhrlgns,1583406
lsd2356,3136357
Àü¹Î¿ìÂ¯ÀÌ´Ù,765966
scuba20,5987896
kim864,6119590
kom2847,3989645
ym118,3686481
Maple958,4843460
qjtm0116,6071222
newvbwjs,1387881
jeong7199,2542520
mno5127,5603967
shfkstnrjs25,4954237
ysc6760,4551744
ps030912,3082073
gusejrdud,1007957
tjdgur0226,5582132
ckdgns9,2407107
ksw111kr,5857665
dlaaudtl,3040784
dpa46,4985891
ekwjsw,5768746
ajrqh777,5127243
ewq0439,6049705
wkddid0105,5640333
ekzmdkrak7,5672112
9616045,3995136
¹Î°üÈ±ÆÃ¤ð,3351838
qkfrodehfdl,6053826
zbalsl,4769865
wnstjddldy,5796815
tnsdud6621,1456880
wb0217,5243045
fox1191,4921899
wwsdp,1264825
achim3,3485018
woo4525,4880476
skaks30,627840
audtjd89,3385814
u79na,3373821
tjdals7308,2502135
kangguchull,5195047
sssttt12,3954742
zetzet84,973126
koh95,6039353
ckdghk261,464400
chlwlstn93,3078505
tovkm,1593276
wjddmqrkddl,5535162
khb8246,3172638
yoo8258,1632509
csms1235,5704342
wjddudtjrdle,5538170
anfla6996,1196897
ckdgns045,5974986
z4679z,4705247
thtl155,5478624
xx000x,484247
harry320,3573672
¨Ñ»ÛÇô´Ï³É³É,2730092
ilovenadu,1823626
jjj2485,4277741
dasl6402,6015555
wlsthf9092,2959354
wkdwlsrb1212,5944466
wjdtjdgjs78,2500857
kkikn1,4559713
wjdals7282,1697228
l5062267l,3817931
jain3108,2703225
rlatjdgh5656,1629369
tmdgjswkd1,4972311
325454,1529445
gpwhd12,5112874
kkcj,4888131
wndgus123,4254911
ghkdrkdtks15,4287987
osya7247,1614211
abck2121,3166747
whddn2125,830018
wchlrnrghks,348823
qufquf812,5282134
todkrdnakr,5946722
forby15,6072002
shalom125,5277667
xxvx567,3621829
jjieun0702,5158898
junjun8861,3875675
rlaanstngk,6108825
toop471,5624492
tjdbqls63,4833340
dl3ghd4tjr5,5762327
tlsehdals577,54394
gustn1111111,5602855
vopak,647686
1rkeldjs2,1197917
qkrwotjq6511,6101857
dong1min,6128579
moo2250,4715425
tkdwns1789,5022197
briari,3409647
munmaksw,3458804
k6827721,4298960
tnwlsWkdrn,2999739
haeste,5865500
phb134,5546103
xodhks2011,6037565
rleo0618,3058701
saang0116,5861965
eodhksdlo2,1656359
515lkh,5729764
tainbow3,5972530
rfv66,5526990
tpdus78,3752033
rhakswhagofk,5394987
wjdwhdals112,2370949
dodwmf13,2844849
vkwz9020,3779336
oblivion04,3352064
ptjjw,5658218
zldzkdlfwls,1273934
ksj2273,573639
dbsdbs25,5356817
hlk9667,6126050
kimn12,1227735
rlaxodid5309,2968689
rladu121,204195
nov971,4133129
asdf0213,2666877
CHSSHA345,1191208
36dkstkdgus,1925127
bbuli12,918780
099456,492976
dkswogns147,5158930
pksa37,5669496
wodhks990,6129183
cd7744,3962268
Ãµ·ùÇ÷È¥,186388
choi9324,918803
tlarkqtnr,1511177
jonghok03,5977901
zktkam,1879837
gusrb4757,5371380
j940705,1284464
jbk5169,3170568
rladlrgml22,2541624
octo98,5945034
yyj7748,4251653
kycvv1,5916742
dlehdwn56,4346838
dudrb912,5574297
nm1297,5063781
vhrtui,5445118
xotlrdkrak,4908171
tpwls6515,2625956
rjswm40,3272569
lkss123,2504617
leedown123,2626122
xskadlfx951,3677063
HSR2792,1758437
dhtpwns2925,5299284
ppinak,1779954
kbh5716,6075376
gPghks12345,4734929
gh8016,5943039
Dlrudtn987,1145677
zzangilpyo,1638593
st2567,1487906
sj10806,5942430
whddlzjqdydr,5032234
sj73sj,1991527
c^^;;,1472748
youngj8774,5832392
dlawjdhks96,1979525
woals4682,4539166
dhfmsvkf12,4499449
dltjdwns5358,5795962
zkdlwj1351,4435698
rlguddk5,5660165
inuloveuni,2152458
¶ËÆÛÀ¯¤ð,4291536
eunyoung3391,3330456
vividmjlee,4724685
woiy1324,3670304
hanqman,2219349
gosok6221,5098066
dkqqkalsdk,4671321
thwjdtkfkd22,4683355
dbsl5566,2789097
ibsig,3133741
dlrkfkagh,3276315
bada3443,5635395
ysw1222,5365053
dbgh2830,4522470
qo8075,5743634
qnfkqh0181,5137815
rla4158,4991465
akdntm147,1073827
jcy0624,5810432
Rkael1594,5723655
cndghks512,4413129
ykd3517,1576466
kokoii3555,2911656
jcb9999,3506831
tpwls5033,5962652
ams1391,3446833
Seolgi,4212347
chlcnrqhr,493646
song7342,5686969
cia1234567,3559848
Sorry134,4520116
ehdtodEhd134,5189575
943987454,5795935
Konglishh,4170790
yg02172,6123292
tjdghks48636,3445638
djawhdans,3651434
wodhks1v,2950221
rnjsvlfsla,6119155
ask7363,4986610
wlsp158,4273388
franchisco77,1919261
lho8892,3005273
ply1026,4192007
kkk199321,3059653
sorkdnjswh,942476
phssky93,4823312
jin4641,3902624
fcfc1115,3025327
Á¤µ¿Çù,3366377
lyguu,5433977
zozokzo159,3240610
rlawnsdud544,3016862
tmfcks7894,1213711
dbrudgh1245,1050999
wjd7867,4351009
parkjun104,3716746
sporoad,3651143
hangue2,6127722
wodus2547,6055179
261011,5113992
jeongho1919,3874619
7MINHO7,364031
jin12366,6045487
mlp0407,4914889
angel606k,3862421
thr5587,5961798
spcialso,5221970
gusdn9960,4485520
skeptlzh,6004223
vpsxja03240,4993605
pjm7213,1438636
jsh981111,6071041
ak94252000,5266319
chleoflacjsw,381222
dbswjddlf3,5397309
goov3812,2896455
rladnwls456,2257423
mira1478,2162597
jinna2252,5091432
zx0545,4883560
dlsenrnr123,5924821
asdct12345,5416013
dene2,1350610
wnwjs132,4869900
ehska129,4027104
tjddnr654897,895833
2468qudwls,4842029
01030141209,4282311
qhwlal,4901361
rlaehddhks19,2345496
hs2658,6016247
phk00710,3799441
food625,1849613
ejqn123,3488673
whdydrjs01,3274008
juy204,2934935
pt101,3859880
±â±â½Ã½Ã,3712294
xkdlrjrj12,6010756
SA1095,4901052
cpflwb76,5346102
rngud,902265
1s1k1y1,5670460
tlfhrdl00,5290273
chlwpdbs201,2747564
ehdcks3,4084069
ºñÃµ¹«»ç,1517660
goqudxkdlrj3,6000941
eujzzz,4742082
sckkcs,3038823
znm203,4715951
wlsfh135,5114729
Skaidoo,4705439
ghrjs148,3035011
janghw0107,5511399
wlsgkr5340,1586507
crocus170,5617857
rlatmdwn85,5370204
kjyew203,1064829
bog1969,4192515
z456z456,4824799
gksrudejr89,4770469
Àå¹Ì1219,3040166
ssk6539,3374900
odo8289,5628276
GunzAnother,2574631
huydi9900,6123393
dl550808,1295091
125dnfka125,6027045
dhkthtleo,4759980
he2743,2618653
kim59591,4983451
dksdkfma7290,4885865
c102493,2345289
tkswjrgkfqo1,3704661
sunflower87,4413489
poHGYoq,3645399
z_zzzz,5947618
slanjgksi,5474570
kjikkk15,5098315
kdr8270,1319893
wngml2922,5755276
1235x,1472093
singi61,5045680
soendeoddl,6006714
gkwjdahr91,3237006
tkghlqn,6142486
990507,5611271
Eong0719,6062557
tpepwn,3973097
jin0804kr,4915015
totop018,4461219
tkdqja9030,3568714
kymie0304,538971
ojh4,5675629
cksdnr501,4312438
lovevjsvjs,5276648
gkfn960,5027180
ucs6n,1790876
roqudwn,5899804
ggss8855,4198206
soo5065,226672
sjok670917,2893516
flnyzk11,5442525
hks951217,3852344
KD1127,5787503
arira83,5009028
goÁßÇÊ,1480492
zndh1992,4592161
rlaehddnjs14,3567505
vnfmstnwlqkr,6080575
qjatn9857,6035617
ehddnr4020,847558
akqjqdufck11,4999393
reedom1124,3502843
gnfdk,4831292
dmzidehdqkd,4437571
iloveyou5760,1912535
champion0811,2331440
m67s66,4694093
dydqkqn2,3298649
qwe9008,3886159
qkh777,1699996
2399877,6077199
¶óµ§COM,1621946
mongg26,5434937
ZTARE,595402
yjypho,3516713
hee2129,2341111
1559910,1617943
1ghksgml12,5114227
wailfeel,1044262
tjdgns7384,5684069
gjdkfk1737,3307943
kg6887,4599467
L13345,4045547
dskim112345,3990020
zjaxpf11,6000423
´ÙÈñ¿¡¹Ì,2049670
kduiy,1258650
tmdghks108,3925119
hunhun1031,3575493
s6396,5984275
wjdals107,2617544
lhs2054,5893704
jhp9804,6071858
ansehdus46,5212204
lovehyun16,984552
minho7574,725308
wkwkdgus12,5850066
skaqkd2002,2150773
01054702141,6116271
goldsword700,5949840
rkwhr0896,5962583
anfakdch2323,2616524
ghrud8271,3165135
toon2911,2521662
pagogi,3719796
¿ë¿ë¾Æºü,6088456
tjdgus1059,4803198
hong6388,4304196
clsrndpdua1,5432390
tkgh9,599571
mjs6944,4087277
mono3373,3267138
eajin629,4349045
inav1376,4082063
sung6481,5656627
minwoosb,4696738
741528,5656747
you0979,4565498
jongdaek13,5977886
gyehtbvj123,2030343
skarkd949,6135702
dltn654,5199784
zxczxc9123,5948045
bhr16,2843535
sujung8875,2960500
qwt1567,6098407
sk1948,1914725
ann132,3905515
fosfos,1702843
sksmsrlagusc,4097805
kimjunho1566,5872644
kys7871,6135116
27111,4068150
°­º´±¸¿Ð,2377825
stg1217,4416240
aa6621,3574630
chsh0119,2460655
abc4410,5669790
NOBer1492,2003622
tjsghkwkdtlr,1611364
gotsmladl,3155160
219898,2163727
yot1111,2894061
wns3068,2344005
wnsdntmddn,1719677
tanktm,4467523
sptl409,5339130
alwlsgkrry,1618466
akasia102,3025340
ÈÖ¸®¸ó,2848872
dbstj78,5539578
dlarkgmltkfk,1591241
opopi1234,4401994
lss9113,2331385
qwe3768,4702952
jjh3077,4125169
young3972,5446977
dltkdqls698,6057264
whdthr33,6081028
zldzkwhgek12,2611671
wlsrn8985,5904847
wer63,3078234
gogo096,4483433
akqktnf123,5601046
ahfl007,4973894
1498ss,4865230
rjwlt150,6142297
gurals52,5432151
tiajs9520,1214275
rlfgh756,3535269
hawoori0128,6042156
wwsc,1179866
lng0129,5960514
rtu9123,1034716
tpdlfmqm1649,1469643
shtmdgh456,1983868
whffkaos3908,6025895
cnrrndhkd32,1643319
rlgh5778,6139672
eea5408,5116570
as9951,4454353
jechan1,5589464
juuwon0505,4162153
leekj2002011,1230937
jtlee5198,4485339
gus7979,6031345
gkdlwlstn15,4382858
jason3120,5499069
spzh5512,5635174
nasni,4330582
»ìÂð¶¥Äá,1425604
dnjsaudwls12,2749885
coco073,2402866
alsrltp12,6090940
taurus5030,3994947
Ez2Catch,309546
jsj04280,2604870
ksun72480,3103871
sehyun1994,5359803
skmn9721,2703658
jgu0501,5443983
dnowa,5926073
kiaswq4414,2671085
okzzang891,4986464
smshair,2102610
tjdtlr0820,3316353
AGbeat,1705839
oOO459,1111277
asdzxc15,3296213
ehdrb3319,4911876
yt96,3896726
tmnam2002,1378260
aa7559,2182711
vvv3085,1895110
dlrms789,6104445
khp7434,5833116
wlsrud5725,3707842
sch8396,1587296
kipo2628,3381015
gks1017,1744294
nago37kk,4165162
jmansoo,4985910
alrtm12,1737526
ybsds001,2638195
369dltjdgh,3381583
rhkrdudtkd,4720869
doo2580,2762920
skatnsqor,1693523
Å¾ÇÏÀå,2754531
qkrwlsdnr10,4432293
jjh1821,5946160
KrnDragon,4055828
tjr0819,5538411
rmfor,4593236
didtjdwls12,1802689
chinapak,6143367
tmddus7629,4270868
kcol75,5763910
1999kkh,5015210
kkmddr3,5511671
lipam,6134892
uldomin,5983513
smk73smk,1617579
honggahee,2139594
dbwdls4,5924352
QJekrl1198,1014980
danjangmi,4473055
rhatns1212,4783038
alsdn2004,932120
wlsdud231,2915554
kk44166,4738248
6akdrh,5551396
sdi7739,5125527
ks5883,4470799
mattpark,3052547
ansrl513,3852941
hm02023,4637307
hanee2354,5613483
dltjrgus9344,5852454
slspfhd,5632568
ehdduf6936,2211159
sign9226,2403052
wjdrudejr200,609049
01026430033,5708742
1561318,326359
yoonhoeunmi,4180035
woosung78,776728
rhkrghdrjs,5673246
dkshfemdla,5789145
ehdrl5226,5835141
wjdgorjs123,3183422
eowk7503,5098552
anthdmlqn,6140275
catdkrehd,5953481
dnjscjf1312,3788379
vxy2222,5105725
sas1969,486399
yyyyyyyy12,4745604
gudwls026,6072873
gngid1221,4030495
2038k,2096709
kkm9614,1662255
tg4694,4150339
xogus8590,3218835
ckandi,4496218
alstlsdud7,1435867
ghiw123,5854978
kesu370,6078574
hoo1107,5067954
dbsal2000,355672
mmpyj,5268234
wldhr7,4115810
shin9976,165786
juh267,1880166
kcmn3987,3330761
qudwns1545,4625709
hsm777,5944222
alscjfdlWkd,2759025
9605070,58943
djawlgh97,1478467
kiss2609,3925073
jjj7075,3066734
jongrog1004,3274805
spring1992,5011698
altns8289,6032181
jimmin20,4070672
tivm1212,1709884
ooptos,4584110
ji8761,5950186
hendel-f,2481831
zxcvb3849,6107049
keun653602,6126873
kpw5799,2432632
khd2252,2895100
vÇÔ¶ß±øv,1850170
vhcjswndgkrr,2507334
mich,3709014
s76022022748,5389066
wy7777777,4170786
minwo7817,4577986
whwlsdnr0,6077595
hjhneo007,4992489
sins999,4542104
pom231,407689
qaqa852456,4995297
qaswzdxe,5818569
idop2,6145483
qorguswlq,5391063
ql963,219123
parkmh123,5610115
skehcnfqkf,2058379
rndud0170,1623640
qhqh1998,3686709
manqwe0,4607283
www8273,3248056
godtim,3301037
ÇÑ¼ÖÁø°ø,2536726
qkrwkddn00,6005114
maroo700,1066947
wjswn78,4251977
pop9494,4657020
pgy920623,6088941
kth2089kth,333371
wwwkim0000,5143869
dlwldbs5815,4073755
topper95,4686117
chy9718,1525488
goldmanh,4859473
tjdqja7644,2873282
haxa65,3852696
jhc4289,3221617
chg19945,3417103
sadfate64,3347430
EKdzhd5660,6127149
½Åµé¸°¸¶±Í,2711853
gywk8044,4017401
¢âÙëîÜÇÑ¨Ñ¥ã,550079
cdi7439,3509506
gusdkemf12,1629789
ckdndrths,5794570
rndnjs4885,4691146
loveme3802,1237899
ghdirl,3942843
hyeo8740,3780468
dnjxltm,348881
hes3618,6023900
ql1210,5474156
lovepama,4390321
wkdgudtjrzld,470995
±¹Áö´ÏÂ¯,3254409
ghksdl3536,4834223
opdaz,979693
understandS2,1080068
tkdgus6962,4708677
ksh1301,4854024
cjstkskadl,79958
fkdldos2,5130601
qkrtjdrbek18,5671967
koj9545,1100907
sys0722,3148318
magic156,1924663
hl3erk1,6051055
duddnwjddls,3380255
kimsh7538,5430471
rncksdn01,5029174
kyeong2198,4790483
¾Þqudrkq1014,3425896
ksj04185,4589733
rkdxk3000,2445993
tlarjs6844,5763249
dkf007,5837973
PaDoSoRiNaYo,2058480
dyfltk45,2151501
osb9995,4123224
kimjm1674,5555966
zldtjsej604,678734
zldwpdlej,449603
gold9719,4350260
kkams102,6120363
634nam,371025
dirtks321,6070357
opopui2,2411299
leaderguy,4836328
dydgy1972,1772514
jnvzitkp7,2331595
wjdqls6910,6090531
ehrehfkd000,5041072
rudalsdl133,3173703
o0okyeo0,5946000
kiss_never,1355186
wlghks555555,5570289
ok1755,2287911
ehrakrrhf,4171721
´ÙÅ©»¶Ä«,2044494
dinggus,3127744
gktgktgkt94,1869397
answnsrkrk,3388340
dywmadms,1715642
whdkfks12,5667772
wkddndi,5131938
MoNeyToA,2755106
audtn201622,5846159
tjswp9914,2949588
qkrrhkddms,4536205
minw10_,3494383
ind06216,3984341
chjh0810,1558278
ekduf12,5955044
wlgnswldnjs1,5842569
my1003ys,4804240
kcggogo22,447448
ppdz,1733255
dlsrb4732,5342898
window0613,3863394
sanghee2414,1976040
tndn5766,4502160
qjxjdhkznzl,2403159
crowmast,1232435
dd1936,5737481
angeris9,6091099
ball147852,4223296
dsmk0717,5077369
gkqrleh777,6083443
good1591,1370713
dbrtlq2,5784792
kks456,6076674
shdlsdud53,5449291
dythree,4031873
¼öÁø0507,6059444
whwogus1000,5029222
123gustkd,6131460
tlfaleh1633,5456743
redface112,2587245
dbm01013,2548756
rlaalstn376,2172261
ajtwlsdbstjr,4822554
rhaehfaksdl,1330185
wjdcksdlf127,5870596
ayxz,1854138
coolwh1,1755251
oolww22,5955911
dlsxjtm,247319
tjdals03088,192385
zisa2001,1839800
wjs2020,3410770
whdtlr87,5134494
june3977,4575460
gnh5540,3278273
dog803,2528651
benya,4098555
gentleluck,617916
PARK4882,5837820
yja0604,627491
yby6452,5512513
7219495,1755417
gkdhMgydn1,5978037
k02100386,5339239
nti620,2507877
whdnjsghl2,4000570
85472,1726671
zxcmki,6027541
hii3034,3259554
dbwls6738,4718270
dsc65,854047
dhdlstn1030,1671422
kj7151,6042450
jason931212,2842212
dillahoon,2499623
ehdaod11,5394224
gongjoo2001,5907045
jaeckney12,3878671
jji601,3999666
hyunfast,4281290
endless5540,5036139
shgurwls333,2494408
wngus7723,5333539
plus8624,983235
dnjsrl0246,2611797
KT1122,808955
pavic,3818837
bsha333,5185101
xxdpdy,1220166
sy934,2686653
mo6891,2015630
rhakTwlsdud,3256830
dbrua225,5580818
shj9318,4921993
chldydtlr74,2395020
whdwlsaos1,3630022
sgi1221,4502429
soyoung8458,5452799
your1059,3890853
bokryong,1907050
cosysju,2626152
rkdgkskzz89,5508788
mickle2,5453754
cnv2000,3431461
kse7892,2195458
cksdudvkdnj,4419719
sksmsdyddnr,1463934
ljg0345,1991649
exit7794,5763819
vosmena,254871
hyun7859,1323768
ysk15,2621556
has3528,2744462
dlwhdtjd123,3885020
±â¿µ°¡½º,1029646
soo3444,1553448
wnsduf2002,482327
wnstjq2004,5073729
co9607003,5043159
cjstjdtlf,623079
didvkfwjdnf,142246
dldmsdn789,6130391
yeonjun789,2253415
gqt2379,1664066
tgerkjk123,3841885
rlarjsl222,6077312
fire_gunner,6119259
rgy15935,6084981
a979827,5092865
DBDUDWN951,5611552
ks7535,1068785
bea5763,3129766
jjh0957,1933321
psj0351,3934237
dms8012,6100827
rlagudrb33,4623644
¹æÈ£¸ñ,3409766
¡º»óÄí¹Ì¡»,5576019
hyun7114,5671250
abmm000,5174823
hera1456,6096413
hgf2000,5087316
vnvnvn72,3116899
godnjszlzl,2328906
slouy,5136180
wekks123,5631689
redjun9799,3223290
dntjr5155,5842215
gudtjr107,6014873
mini0001,4560270
gkc789,6133951
wnsgh3377,4298719
dpsjwlbk13,5583626
eodlf3215,775231
tpttyakfnk7,2107700
sjh1643,1434854
1004wldnr,4281925
cbw5896,5778024
dlaWkdWkdgo,2016617
kjl1974,6060114
dhfqor159,4081124
qqa456,2053851
yubin0801,1409637
dk7279,5086296
dldl4870,6095910
ehfthlakdhkd,1292967
wlsekffdo100,3798868
box004,6087037
khsows,5252150
whwlgnsdla,2097689
WJDTNS3533,2188205
qkqh1903,3252201
syg1014,983419
as73,774945
ekdrhdwn,5965838
frogt17,3812321
godd1229,2585493
austkd8486,6080870
chlgydnjs115,6077561
dlrtn0809,5834945
dltorahgja,1730181
ehtd123,5965755
shsksl120,5359444
jw223,4667181
±æ´Ùº¸,2333934
hs6544,5618587
fpzk854,5093230
qnxlcpf,2018406
19980325b,2672798
KHG99,6130289
zzdusghks,3541811
wlstn2022,5508404
tjdudwh7612,1609917
rego0418,3429787
ajskdl444,5248989
wnstjrdl0202,5023290
k940219,5938314
cyon4704,5242087
ansgnlwo,5980494
2552431,56312
oxox2480,5882629
wkdgh6142,2335655
dbtjdrnrkfk,3532068
www3536,3691357
gohmit5520,3548
gkswl412,4996868
sds0520,4883290
qhsxm22,2380613
dlalsrb110,5162621
zkxm3,1990292
cdw2486,4469656
klll1203,205603
qkqkdl879,6120914
cccehdalsehd,6024484
qhdehfdl2020,5716203
Milkys_,1138375
GosuJhy,2594249
kys4864,2769177
66037939,6076593
bsm12412,5647181
zpckqqhdl,3017340
wkd2163,4393580
dnehdehd5,4632451
geyeon206,5969551
apfhdtmddnjs,1058572
enrms0623,5302302
jnh7334,4127015
cnrudgh1004,3790209
cha5870,3155439
comfort12,2161128
rnflql44,2805245
s9502020,3648687
lsc0000,1209921
dkdlxpackdrh,4321015
gusejr7462,2364351
wotjsdlwnrdm,6012101
didtjrgns027,6074872
kks0024,3735392
blabla456456,2691934
hyee1201,2957563
goaaksdl,5668408
fpdhdlfwnd,5924224
anqlsdl,348413
dltjsdhr2080,5927818
tkddnr5454,2986222
kkh1000,1507738
cood12,3310096
dltmdwn106,1724732
tjfgkdms366,5689948
rhdlfwo,1438550
dmstjs9956,5276167
kjy5501,3029893
anpoerl9909,3535430
jwbluesky712,1594023
wltkd2004,1699849
8678431,2433658
kyjj13690,5776203
tnrnjs9382,4219602
rkan315,5212406
yuga60,1466810
dlaudgml33,3988856
lama466,2800680
01065295900,5751318
rbckdsla,5985843
ehdrb8565,6037099
1TpqT1,6112290
aldo0920,3075516
mo2001,5337501
KOKO969,3781034
metoo44,5125785
nog1005,4263037
Wlfhd09,5025898
hg656,5481511
scs6762,5522676
01089898378,3351506
tlawk1818,5193856
vox8,4615187
fkwheot,5637504
alrnrth95,6051390
gksalsk123,2621523
nabomone,193522
pie11,5274344
qncn123,744782
tjqjawns3,3096041
asbox,2659877
dytjqdkd8551,4627369
12131213,89219
aktmxjdmlvl,2679899
sky7528,2732092
jack977,6049687
burisilcs,3138138
KOREA7956,4862600
ksh4328,1515676
omegazone1,3413846
eimjss8,6010262
bho1221,6117721
jhdelete,854982
jslee3265,4323453
ryrhks1,5808960
jaebin2005,5970735
QcTc,5961843
¼Òµå1103,900272
wleo0986,3047493
wnsgh03134,5822462
wnlrnajd7175,5858311
1234alstn,5616015
wogur090,4517819
ansghkzk,1653655
gogogo3462,386199
wnsdnjs38,5261609
sjh799,5410953
cool8497,6004494
hcs980708,625989
dlTL34,2193937
mtkumuk,4841826
algo48,5904155
thgml4984,2980539
ch0502,3283186
iamyou7321,4423446
kang190,2741870
skydpqm,5172616
ghlcks2002,5555382
dmadkr133,5605602
quddnd2000,5029590
wldud9746,2677293
dcy338,2681640
gusdnr512,5980362
dyddn784512,3253588
guswls624,3455123
kkk3755,5984639
rla3rl2007,5169456
tkrx,6145132
shs4665,3442542
xo3050,5690065
jyc1736,2177375
efd789,3545790
leemuh2,3549634
rjsdn3102,5002550
RGEFWD12,4917316
wolfyk96,5751817
0725qor,6021677
chlghrjs1,2026441
chlskfl503,2158537
qhrhtlvekj,1062016
souhs4654,2631518
zhfldk9057,3942944
gortmtjdgns,4647124
rlaquddhr156,5936276
hckim67,3929274
ÅäÅä·Ï,269695
tjswoalska,759738
wkdgksmf7,3930345
cksgud04,6084162
¹ÌÁø·¯ºê,1612443
vlclzk2,4891577
qoq2803,1840468
kdhsky30,5027569
kfos,742524
cks7757,5164108
dbcks110,5102758
mvpq,1627248
ebcdy,3866768
kd2416,803293
chlwlsvud159,6119796
eofyd1235,4179241
fmstyle2,6140552
ppp757654,5227950
nethh2,4349994
fhkj2443,1626999
gyou2713,2238139
dbstkdejr4,4211664
tmvjswl007,5988082
xjalspdlxj2,2621508
kjsdabo,988615
duwjd338,5931913
skyman4409,4293087
dkfksk29,5226963
ohr729,1891538
twin12,2478499
129aaa,5160597
kmg3340,5436086
jdz0704,3824521
wjdgkr212,5195479
dongsoung,5659350
cndan2235,2556397
robinpark200,6004560
kk3694kk,396894
rh9101,5990624
gygns001,4633537
rhtndlek1,5557488
È¿*Á¤*»ç*¶û,2863386
gpfkszlffj,5581552
tldns0716,5116045
em1998,1794157
hq3135,4990500
dprhkd12,5882429
wcw2ok,5648250
wodus2599,2462155
jmcma,3350974
ekgmlektmf,2316503
cyh0752,2905568
ddanggle1,6118039
dudwo212,5113802
8735915,5770703
nekblolllll,2408824
aksrhkd0266,6103130
scg38514,5151709
qkrwhdghd,5591480
tkkkol,608925
win3712,3604969
asdfgh4145,1383483
wwing02,3202315
hyesg1127,4358466
dkdlzbaos123,5997761
hah525,5967260
kbk7863,6076308
young35,812535
akdrhek1,4915158
kjs2522k,4842662
dlalstjq6631,1701285
gkdisdht13,5924440
dkso75,5943076
qwelqwel,4541487
anjaegn,248221
happy2955,1782927
iscroc11,1332891
x_silver_x,4457173
xowndhkd111,4828707
bobo0607,6068670
9292929292,3844089
tjdgnstjems0,5860133
kimlll007,3364610
gudwp135,5276131
wnswns95,1629304
qkqhtjdwn97,5940820
mmvv1993,5468711
woojjang5330,6145699
kys873,5999081
didtjq2530,1879759
jek8930,5476699
wkd2649,5514504
ab470,4936403
mds3979,5738919
nim1216,5526169
0209juni,3404253
kim0110,2220793
psu0086,2894489
gudwls7898,5803362
k9932514,4855513
tae03030,4982111
j905,293327
skagusWkd258,2355245
rhkswls71,1622771
k20z0123,5227766
wjddkdi12,4626635
gudwotjdwo,5095270
duatmdgus123,2679465
duck3423,5941521
wncksgmll,1518869
pjh418,3957469
ahw0509,2769529
tpendhkd,5981266
ni1653,5865399
tjdwhd1107,6102766
young6710,2511992
