ywo1225,5513352
sjsh4444,2911740
7639508,2962596
whaqlqkffhr2,5410470
dkskrtnekans,4958382
rudtjs9317,5353530
orange1522,5038722
mdemde05182,5448768
fish0204,5304390
qkrxotjq123,2206698
mj7735051,6146010
cksgml7715,1746420
sj10806,5942430
261011,5113992
SA1095,4901052
goldsword700,5949840
toon2911,2521662
hong6388,4304196
»÷∏Æ∏Û,2848872
tmnam2002,1378260
rhatns1212,4783038
01026430033,5708742
tndn5766,4502160
dbrtlq2,5784792
ayxz,1854138
gentleluck,617916
soo3444,1553448
hgf2000,5087316
mini0001,4560270
qnxlcpf,2018406
ansgnlwo,5980494
dcy338,2681640
ppp757654,5227950
